LightValue,time
961,100.1
961,100.2
960,100.3
960,100.4
960,100.5
960,100.6
961,100.7
960,100.8
961,100.9
960,101.0
961,101.1
960,101.2
960,101.3
960,101.4
960,101.5
960,101.6
960,101.7
960,101.8
959,101.9
959,102.0
960,102.1
960,102.2
960,102.3
960,102.4
960,102.5
959,102.6
959,102.7
960,102.8
960,102.9
960,103.0
960,103.1
960,103.2
959,103.3
959,103.4
960,103.5
959,103.6
959,103.7
960,103.8
959,103.9
959,104.0
960,104.1
960,104.2
960,104.3
960,104.4
959,104.5
959,104.6
959,104.7
959,104.8
959,104.9
960,105.0
959,105.1
959,105.2
959,105.3
959,105.4
959,105.5
960,105.6
959,105.7
960,105.8
959,105.9
959,106.0
959,106.1
959,106.2
959,106.3
960,106.4
959,106.5
960,106.6
959,106.7
959,106.8
960,106.9
960,107.0
960,107.1
959,107.2
959,107.3
959,107.4
959,107.5
960,107.6
959,107.7
960,107.8
959,107.9
959,108.0
959,108.1
959,108.2
959,108.3
960,108.4
960,108.5
959,108.6
959,108.7
960,108.8
959,108.9
960,109.0
960,109.1
960,109.2
959,109.3
960,109.4
959,109.5
959,109.6
959,109.7
960,109.8
959,109.9
959,110.0
959,110.1
959,110.2
959,110.3
959,110.4
959,110.5
959,110.6
959,110.7
958,110.8
958,110.9
958,111.0
959,111.1
959,111.2
959,111.3
958,111.4
958,111.5
958,111.6
958,111.7
958,111.8
958,111.9
958,112.0
958,112.1
958,112.2
957,112.3
958,112.4
958,112.5
958,112.6
958,112.7
957,112.8
957,112.9
956,113.0
957,113.1
957,113.2
958,113.3
957,113.4
957,113.5
956,113.6
956,113.7
956,113.8
956,113.9
956,114.0
956,114.1
956,114.2
955,114.3
955,114.4
955,114.5
955,114.6
955,114.7
955,114.8
955,114.9
955,115.0
955,115.1
954,115.2
954,115.3
955,115.4
954,115.5
954,115.6
954,115.7
954,115.8
954,115.9
955,116.0
954,116.1
953,116.2
953,116.3
953,116.4
953,116.5
953,116.6
953,116.7
953,116.8
953,116.9
952,117.0
952,117.1
952,117.2
952,117.3
952,117.4
952,117.5
952,117.6
952,117.7
951,117.8
951,117.9
952,118.0
952,118.1
951,118.2
951,118.3
951,118.4
951,118.5
951,118.6
952,118.7
951,118.8
951,118.9
951,119.0
951,119.1
950,119.2
951,119.3
951,119.4
951,119.5
951,119.6
950,119.7
950,119.8
951,119.9
950,120.0
951,120.1
951,120.2
951,120.3
950,120.4
950,120.5
950,120.6
950,120.7
951,120.8
950,120.9
950,121.0
951,121.1
950,121.2
950,121.3
951,121.4
951,121.5
951,121.6
951,121.7
952,121.8
951,121.9
951,122.0
951,122.1
952,122.2
952,122.3
952,122.4
952,122.5
952,122.6
952,122.7
952,122.8
953,122.9
953,123.0
952,123.1
953,123.2
953,123.3
953,123.4
954,123.5
953,123.6
954,123.7
954,123.8
954,123.9
954,124.0
954,124.1
954,124.2
955,124.3
955,124.4
954,124.5
955,124.6
954,124.7
954,124.8
955,124.9
955,125.0
955,125.1
955,125.2
955,125.3
955,125.4
955,125.5
956,125.6
956,125.7
956,125.8
956,125.9
956,126.0
956,126.1
956,126.2
956,126.3
957,126.4
956,126.5
956,126.6
957,126.7
956,126.8
956,126.9
957,127.0
957,127.1
956,127.2
957,127.3
957,127.4
956,127.5
957,127.6
957,127.7
957,127.8
956,127.9
957,128.0
956,128.1
957,128.2
957,128.3
957,128.4
957,128.5
957,128.6
957,128.7
957,128.8
957,128.9
958,129.0
958,129.1
958,129.2
957,129.3
957,129.4
957,129.5
957,129.6
957,129.7
958,129.8
958,129.9
957,130.0
957,130.1
957,130.2
957,130.3
958,130.4
958,130.5
958,130.6
957,130.7
957,130.8
957,130.9
957,131.0
957,131.1
957,131.2
958,131.3
957,131.4
957,131.5
957,131.6
957,131.7
958,131.8
958,131.9
957,132.0
957,132.1
957,132.2
956,132.3
957,132.4
957,132.5
958,132.6
957,132.7
957,132.8
957,132.9
957,133.0
957,133.1
957,133.2
957,133.3
956,133.4
956,133.5
956,133.6
956,133.7
956,133.8
957,133.9
956,134.0
956,134.1
956,134.2
956,134.3
956,134.4
956,134.5
956,134.6
956,134.7
956,134.8
956,134.9
956,135.0
955,135.1
956,135.2
956,135.3
956,135.4
955,135.5
955,135.6
955,135.7
955,135.8
955,135.9
955,136.0
956,136.1
955,136.2
955,136.3
955,136.4
954,136.5
955,136.6
955,136.7
955,136.8
955,136.9
955,137.0
954,137.1
955,137.2
955,137.3
955,137.4
955,137.5
954,137.6
955,137.7
954,137.8
955,137.9
955,138.0
955,138.1
955,138.2
955,138.3
954,138.4
954,138.5
954,138.6
954,138.7
954,138.8
955,138.9
954,139.0
954,139.1
954,139.2
954,139.3
954,139.4
955,139.5
954,139.6
954,139.7
954,139.8
954,139.9
954,140.0
955,140.1
955,140.2
954,140.3
954,140.4
954,140.5
954,140.6
954,140.7
954,140.8
955,140.9
954,141.0
954,141.1
954,141.2
955,141.3
954,141.4
954,141.5
955,141.6
955,141.7
954,141.8
955,141.9
954,142.0
955,142.1
955,142.2
955,142.3
955,142.4
955,142.5
955,142.6
955,142.7
955,142.8
955,142.9
955,143.0
955,143.1
955,143.2
955,143.3
955,143.4
956,143.5
956,143.6
956,143.7
955,143.8
955,143.9
956,144.0
956,144.1
956,144.2
956,144.3
956,144.4
956,144.5
956,144.6
956,144.7
957,144.8
957,144.9
957,145.0
957,145.1
956,145.2
957,145.3
956,145.4
957,145.5
957,145.6
957,145.7
957,145.8
958,145.9
957,146.0
957,146.1
957,146.2
958,146.3
958,146.4
958,146.5
957,146.6
957,146.7
957,146.8
958,146.9
958,147.0
958,147.1
958,147.2
958,147.3
957,147.4
958,147.5
958,147.6
958,147.7
958,147.8
958,147.9
958,148.0
958,148.1
958,148.2
959,148.3
959,148.4
959,148.5
959,148.6
958,148.7
959,148.8
959,148.9
959,149.0
959,149.1
959,149.2
959,149.3
959,149.4
959,149.5
959,149.6
959,149.7
959,149.8
960,149.9
959,150.0
959,150.1
959,150.2
959,150.3
960,150.4
960,150.5
960,150.6
959,150.7
959,150.8
960,150.9
959,151.0
960,151.1
960,151.2
960,151.3
959,151.4
959,151.5
959,151.6
960,151.7
960,151.8
960,151.9
960,152.0
959,152.1
960,152.2
959,152.3
960,152.4
960,152.5
960,152.6
960,152.7
960,152.8
959,152.9
960,153.0
960,153.1
960,153.2
960,153.3
960,153.4
960,153.5
960,153.6
960,153.7
960,153.8
961,153.9
960,154.0
960,154.1
960,154.2
960,154.3
960,154.4
960,154.5
961,154.6
960,154.7
960,154.8
960,154.9
960,155.0
960,155.1
961,155.2
960,155.3
961,155.4
960,155.5
960,155.6
960,155.7
961,155.8
961,155.9
961,156.0
961,156.1
961,156.2
960,156.3
961,156.4
961,156.5
962,156.6
961,156.7
961,156.8
961,156.9
961,157.0
961,157.1
961,157.2
961,157.3
961,157.4
961,157.5
961,157.6
962,157.7
961,157.8
962,157.9
962,158.0
962,158.1
962,158.2
962,158.3
962,158.4
962,158.5
962,158.6
962,158.7
962,158.8
962,158.9
962,159.0
962,159.1
962,159.2
962,159.3
962,159.4
963,159.5
963,159.6
962,159.7
962,159.8
962,159.9
963,160.0
962,160.1
962,160.2
963,160.3
962,160.4
963,160.5
962,160.6
963,160.7
963,160.8
963,160.9
962,161.0
962,161.1
962,161.2
962,161.3
962,161.4
963,161.5
962,161.6
962,161.7
962,161.8
963,161.9
962,162.0
963,162.1
962,162.2
962,162.3
962,162.4
962,162.5
962,162.6
962,162.7
962,162.8
962,162.9
962,163.0
962,163.1
962,163.2
962,163.3
962,163.4
963,163.5
963,163.6
963,163.7
963,163.8
963,163.9
963,164.0
963,164.1
963,164.2
963,164.3
964,164.4
964,164.5
963,164.6
964,164.7
964,164.8
964,164.9
964,165.0
964,165.1
964,165.2
964,165.3
964,165.4
964,165.5
964,165.6
964,165.7
964,165.8
964,165.9
964,166.0
964,166.1
964,166.2
964,166.3
964,166.4
963,166.5
963,166.6
963,166.7
963,166.8
963,166.9
963,167.0
963,167.1
963,167.2
962,167.3
962,167.4
962,167.5
962,167.6
962,167.7
962,167.8
962,167.9
961,168.0
961,168.1
961,168.2
962,168.3
961,168.4
961,168.5
961,168.6
961,168.7
961,168.8
961,168.9
961,169.0
961,169.1
962,169.2
961,169.3
961,169.4
962,169.5
961,169.6
961,169.7
962,169.8
962,169.9
962,170.0
962,170.1
962,170.2
962,170.3
962,170.4
962,170.5
962,170.6
961,170.7
961,170.8
961,170.9
961,171.0
961,171.1
960,171.2
960,171.3
959,171.4
959,171.5
958,171.6
958,171.7
958,171.8
957,171.9
956,172.0
956,172.1
955,172.2
954,172.3
954,172.4
954,172.5
953,172.6
953,172.7
952,172.8
953,172.9
952,173.0
952,173.1
952,173.2
953,173.3
952,173.4
952,173.5
952,173.6
952,173.7
952,173.8
952,173.9
953,174.0
953,174.1
953,174.2
954,174.3
954,174.4
954,174.5
954,174.6
954,174.7
955,174.8
955,174.9
955,175.0
954,175.1
955,175.2
955,175.3
955,175.4
954,175.5
954,175.6
953,175.7
953,175.8
953,175.9
952,176.0
952,176.1
951,176.2
950,176.3
949,176.4
948,176.5
948,176.6
947,176.7
946,176.8
945,176.9
944,177.0
943,177.1
942,177.2
941,177.3
941,177.4
940,177.5
939,177.6
939,177.7
938,177.8
938,177.9
938,178.0
937,178.1
938,178.2
937,178.3
937,178.4
937,178.5
938,178.6
938,178.7
938,178.8
938,178.9
939,179.0
939,179.1
939,179.2
941,179.3
941,179.4
942,179.5
942,179.6
943,179.7
943,179.8
943,179.9
944,180.0
944,180.1
944,180.2
944,180.3
944,180.4
943,180.5
943,180.6
943,180.7
942,180.8
941,180.9
940,181.0
939,181.1
938,181.2
937,181.3
936,181.4
935,181.5
934,181.6
932,181.7
930,181.8
929,181.9
928,182.0
927,182.1
925,182.2
924,182.3
923,182.4
922,182.5
921,182.6
921,182.7
920,182.8
920,182.9
919,183.0
919,183.1
918,183.2
918,183.3
919,183.4
920,183.5
920,183.6
920,183.7
921,183.8
921,183.9
922,184.0
923,184.1
924,184.2
925,184.3
926,184.4
927,184.5
928,184.6
929,184.7
929,184.8
930,184.9
931,185.0
931,185.1
931,185.2
932,185.3
931,185.4
931,185.5
931,185.6
931,185.7
930,185.8
929,185.9
928,186.0
927,186.1
925,186.2
924,186.3
922,186.4
921,186.5
919,186.6
917,186.7
915,186.8
914,186.9
912,187.0
911,187.1
909,187.2
907,187.3
905,187.4
904,187.5
903,187.6
901,187.7
900,187.8
900,187.9
898,188.0
898,188.1
897,188.2
897,188.3
897,188.4
897,188.5
897,188.6
896,188.7
897,188.8
897,188.9
898,189.0
899,189.1
899,189.2
900,189.3
901,189.4
902,189.5
903,189.6
904,189.7
905,189.8
906,189.9
907,190.0
909,190.1
910,190.2
911,190.3
913,190.4
914,190.5
915,190.6
915,190.7
917,190.8
918,190.9
919,191.0
920,191.1
921,191.2
921,191.3
922,191.4
922,191.5
923,191.6
923,191.7
923,191.8
923,191.9
923,192.0
923,192.1
922,192.2
922,192.3
921,192.4
921,192.5
920,192.6
919,192.7
918,192.8
917,192.9
916,193.0
915,193.1
914,193.2
912,193.3
911,193.4
909,193.5
908,193.6
906,193.7
905,193.8
903,193.9
901,194.0
900,194.1
898,194.2
896,194.3
894,194.4
893,194.5
892,194.6
890,194.7
888,194.8
886,194.9
885,195.0
884,195.1
883,195.2
882,195.3
881,195.4
880,195.5
879,195.6
879,195.7
878,195.8
878,195.9
878,196.0
878,196.1
878,196.2
878,196.3
878,196.4
879,196.5
880,196.6
881,196.7
882,196.8
883,196.9
884,197.0
885,197.1
887,197.2
888,197.3
891,197.4
892,197.5
893,197.6
895,197.7
897,197.8
898,197.9
900,198.0
902,198.1
903,198.2
905,198.3
906,198.4
907,198.5
908,198.6
909,198.7
910,198.8
911,198.9
911,199.0
911,199.1
911,199.2
912,199.3
912,199.4
911,199.5
910,199.6
909,199.7
908,199.8
907,199.9
906,200.0
904,200.1
903,200.2
901,200.3
899,200.4
896,200.5
895,200.6
893,200.7
891,200.8
889,200.9
887,201.0
885,201.1
884,201.2
882,201.3
881,201.4
880,201.5
880,201.6
878,201.7
878,201.8
878,201.9
878,202.0
878,202.1
879,202.2
880,202.3
880,202.4
882,202.5
883,202.6
884,202.7
887,202.8
888,202.9
890,203.0
892,203.1
894,203.2
895,203.3
897,203.4
899,203.5
900,203.6
902,203.7
903,203.8
904,203.9
904,204.0
904,204.1
905,204.2
904,204.3
904,204.4
902,204.5
901,204.6
899,204.7
898,204.8
896,204.9
894,205.0
892,205.1
889,205.2
887,205.3
884,205.4
881,205.5
880,205.6
877,205.7
875,205.8
873,205.9
872,206.0
870,206.1
870,206.2
869,206.3
869,206.4
869,206.5
869,206.6
870,206.7
870,206.8
873,206.9
874,207.0
876,207.1
878,207.2
880,207.3
882,207.4
885,207.5
887,207.6
889,207.7
892,207.8
893,207.9
895,208.0
896,208.1
898,208.2
898,208.3
900,208.4
900,208.5
900,208.6
899,208.7
899,208.8
898,208.9
897,209.0
896,209.1
895,209.2
894,209.3
893,209.4
892,209.5
891,209.6
891,209.7
890,209.8
890,209.9
890,210.0
890,210.1
890,210.2
891,210.3
892,210.4
894,210.5
895,210.6
897,210.7
898,210.8
899,210.9
901,211.0
903,211.1
904,211.2
906,211.3
907,211.4
908,211.5
909,211.6
910,211.7
911,211.8
911,211.9
911,212.0
911,212.1
910,212.2
910,212.3
909,212.4
909,212.5
909,212.6
908,212.7
907,212.8
907,212.9
905,213.0
906,213.1
905,213.2
906,213.3
906,213.4
906,213.5
907,213.6
907,213.7
909,213.8
910,213.9
911,214.0
912,214.1
913,214.2
915,214.3
915,214.4
917,214.5
918,214.6
919,214.7
919,214.8
920,214.9
920,215.0
920,215.1
921,215.2
921,215.3
921,215.4
921,215.5
920,215.6
920,215.7
920,215.8
919,215.9
919,216.0
920,216.1
919,216.2
919,216.3
919,216.4
920,216.5
921,216.6
921,216.7
922,216.8
922,216.9
923,217.0
924,217.1
925,217.2
926,217.3
927,217.4
928,217.5
929,217.6
928,217.7
929,217.8
930,217.9
931,218.0
931,218.1
931,218.2
931,218.3
931,218.4
930,218.5
931,218.6
931,218.7
931,218.8
931,218.9
931,219.0
931,219.1
931,219.2
932,219.3
932,219.4
933,219.5
933,219.6
934,219.7
934,219.8
934,219.9
935,220.0
936,220.1
938,220.2
937,220.3
938,220.4
938,220.5
939,220.6
939,220.7
939,220.8
940,220.9
940,221.0
940,221.1
940,221.2
940,221.3
940,221.4
941,221.5
941,221.6
941,221.7
941,221.8
941,221.9
941,222.0
942,222.1
942,222.2
943,222.3
943,222.4
943,222.5
944,222.6
944,222.7
945,222.8
946,222.9
946,223.0
947,223.1
946,223.2
947,223.3
948,223.4
947,223.5
948,223.6
948,223.7
948,223.8
948,223.9
949,224.0
949,224.1
949,224.2
949,224.3
950,224.4
950,224.5
950,224.6
950,224.7
950,224.8
951,224.9
951,225.0
952,225.1
951,225.2
952,225.3
952,225.4
952,225.5
953,225.6
953,225.7
953,225.8
953,225.9
954,226.0
953,226.1
954,226.2
954,226.3
955,226.4
955,226.5
955,226.6
955,226.7
955,226.8
956,226.9
955,227.0
956,227.1
955,227.2
956,227.3
956,227.4
956,227.5
957,227.6
957,227.7
957,227.8
957,227.9
957,228.0
957,228.1
957,228.2
958,228.3
958,228.4
959,228.5
958,228.6
958,228.7
958,228.8
959,228.9
959,229.0
959,229.1
959,229.2
959,229.3
959,229.4
960,229.5
959,229.6
960,229.7
960,229.8
960,229.9
960,230.0
960,230.1
960,230.2
960,230.3
961,230.4
961,230.5
961,230.6
961,230.7
961,230.8
961,230.9
961,231.0
962,231.1
962,231.2
962,231.3
962,231.4
962,231.5
962,231.6
962,231.7
962,231.8
963,231.9
963,232.0
963,232.1
962,232.2
963,232.3
963,232.4
963,232.5
963,232.6
964,232.7
963,232.8
964,232.9
963,233.0
964,233.1
964,233.2
964,233.3
964,233.4
964,233.5
964,233.6
964,233.7
964,233.8
964,233.9
964,234.0
965,234.1
964,234.2
965,234.3
964,234.4
965,234.5
965,234.6
966,234.7
965,234.8
965,234.9
965,235.0
965,235.1
966,235.2
966,235.3
966,235.4
966,235.5
966,235.6
966,235.7
966,235.8
966,235.9
966,236.0
967,236.1
966,236.2
966,236.3
966,236.4
966,236.5
967,236.6
967,236.7
967,236.8
967,236.9
967,237.0
967,237.1
967,237.2
968,237.3
968,237.4
967,237.5
967,237.6
967,237.7
968,237.8
968,237.9
968,238.0
968,238.1
968,238.2
968,238.3
968,238.4
968,238.5
968,238.6
968,238.7
969,238.8
968,238.9
968,239.0
968,239.1
968,239.2
968,239.3
969,239.4
969,239.5
969,239.6
969,239.7
969,239.8
968,239.9
969,240.0
969,240.1
969,240.2
969,240.3
969,240.4
969,240.5
969,240.6
969,240.7
969,240.8
970,240.9
970,241.0
969,241.1
969,241.2
969,241.3
969,241.4
970,241.5
970,241.6
970,241.7
970,241.8
970,241.9
969,242.0
970,242.1
970,242.2
971,242.3
970,242.4
970,242.5
970,242.6
969,242.7
970,242.8
971,242.9
971,243.0
970,243.1
970,243.2
970,243.3
971,243.4
970,243.5
971,243.6
971,243.7
970,243.8
970,243.9
970,244.0
970,244.1
971,244.2
971,244.3
971,244.4
970,244.5
970,244.6
971,244.7
970,244.8
970,244.9
971,245.0
971,245.1
971,245.2
971,245.3
971,245.4
971,245.5
971,245.6
971,245.7
972,245.8
971,245.9
971,246.0
971,246.1
971,246.2
971,246.3
971,246.4
972,246.5
971,246.6
972,246.7
971,246.8
972,246.9
972,247.0
972,247.1
972,247.2
972,247.3
972,247.4
971,247.5
972,247.6
972,247.7
972,247.8
972,247.9
972,248.0
972,248.1
972,248.2
972,248.3
972,248.4
973,248.5
972,248.6
972,248.7
972,248.8
972,248.9
972,249.0
972,249.1
973,249.2
973,249.3
972,249.4
972,249.5
972,249.6
972,249.7
973,249.8
973,249.9
973,250.0
973,250.1
973,250.2
973,250.3
973,250.4
973,250.5
973,250.6
973,250.7
973,250.8
973,250.9
973,251.0
973,251.1
973,251.2
973,251.3
973,251.4
973,251.5
973,251.6
973,251.7
973,251.8
974,251.9
973,252.0
973,252.1
973,252.2
973,252.3
973,252.4
973,252.5
975,252.6
974,252.7
974,252.8
973,252.9
973,253.0
973,253.1
974,253.2
974,253.3
974,253.4
974,253.5
974,253.6
973,253.7
974,253.8
974,253.9
974,254.0
974,254.1
974,254.2
974,254.3
974,254.4
974,254.5
974,254.6
975,254.7
974,254.8
974,254.9
974,255.0
974,255.1
974,255.2
975,255.3
975,255.4
975,255.5
974,255.6
975,255.7
974,255.8
975,255.9
975,256.0
975,256.1
975,256.2
975,256.3
975,256.4
974,256.5
975,256.6
976,256.7
975,256.8
975,256.9
975,257.0
975,257.1
975,257.2
975,257.3
975,257.4
976,257.5
975,257.6
975,257.7
975,257.8
976,257.9
975,258.0
975,258.1
976,258.2
975,258.3
975,258.4
975,258.5
975,258.6
976,258.7
975,258.8
975,258.9
975,259.0
975,259.1
975,259.2
975,259.3
975,259.4
976,259.5
975,259.6
975,259.7
975,259.8
975,259.9
975,260.0
976,260.1
976,260.2
976,260.3
975,260.4
975,260.5
975,260.6
976,260.7
976,260.8
976,260.9
976,261.0
976,261.1
976,261.2
975,261.3
976,261.4
976,261.5
977,261.6
976,261.7
976,261.8
976,261.9
975,262.0
976,262.1
976,262.2
976,262.3
976,262.4
976,262.5
976,262.6
975,262.7
976,262.8
976,262.9
977,263.0
977,263.1
976,263.2
976,263.3
976,263.4
976,263.5
976,263.6
977,263.7
976,263.8
976,263.9
976,264.0
976,264.1
976,264.2
977,264.3
977,264.4
976,264.5
976,264.6
976,264.7
976,264.8
976,264.9
976,265.0
977,265.1
976,265.2
976,265.3
976,265.4
976,265.5
977,265.6
977,265.7
977,265.8
976,265.9
977,266.0
976,266.1
977,266.2
977,266.3
977,266.4
977,266.5
976,266.6
976,266.7
976,266.8
976,266.9
977,267.0
977,267.1
977,267.2
976,267.3
976,267.4
976,267.5
977,267.6
977,267.7
977,267.8
977,267.9
977,268.0
977,268.1
976,268.2
976,268.3
977,268.4
977,268.5
977,268.6
977,268.7
977,268.8
976,268.9
977,269.0
977,269.1
977,269.2
977,269.3
977,269.4
977,269.5
976,269.6
977,269.7
977,269.8
977,269.9
977,270.0
977,270.1
977,270.2
976,270.3
977,270.4
978,270.5
978,270.6
977,270.7
977,270.8
977,270.9
976,271.0
977,271.1
977,271.2
977,271.3
977,271.4
977,271.5
977,271.6
977,271.7
977,271.8
977,271.9
978,272.0
977,272.1
977,272.2
977,272.3
977,272.4
977,272.5
977,272.6
978,272.7
977,272.8
977,272.9
977,273.0
977,273.1
977,273.2
977,273.3
978,273.4
977,273.5
977,273.6
977,273.7
977,273.8
978,273.9
978,274.0
978,274.1
977,274.2
977,274.3
976,274.4
977,274.5
977,274.6
978,274.7
977,274.8
978,274.9
977,275.0
977,275.1
977,275.2
978,275.3
978,275.4
978,275.5
977,275.6
977,275.7
977,275.8
978,275.9
978,276.0
978,276.1
977,276.2
978,276.3
977,276.4
977,276.5
978,276.6
978,276.7
978,276.8
978,276.9
978,277.0
977,277.1
977,277.2
978,277.3
978,277.4
978,277.5
977,277.6
978,277.7
977,277.8
977,277.9
978,278.0
978,278.1
978,278.2
978,278.3
977,278.4
977,278.5
977,278.6
978,278.7
978,278.8
978,278.9
978,279.0
978,279.1
977,279.2
978,279.3
978,279.4
979,279.5
978,279.6
978,279.7
977,279.8
978,279.9
978,280.0
978,280.1
978,280.2
978,280.3
978,280.4
978,280.5
977,280.6
978,280.7
978,280.8
979,280.9
979,281.0
978,281.1
978,281.2
977,281.3
978,281.4
978,281.5
979,281.6
978,281.7
978,281.8
978,281.9
977,282.0
978,282.1
978,282.2
979,282.3
978,282.4
977,282.5
978,282.6
978,282.7
978,282.8
978,282.9
979,283.0
978,283.1
978,283.2
978,283.3
978,283.4
978,283.5
978,283.6
979,283.7
978,283.8
978,283.9
977,284.0
978,284.1
978,284.2
978,284.3
979,284.4
978,284.5
978,284.6
978,284.7
977,284.8
978,284.9
979,285.0
978,285.1
978,285.2
978,285.3
977,285.4
978,285.5
978,285.6
978,285.7
979,285.8
978,285.9
978,286.0
978,286.1
978,286.2
978,286.3
979,286.4
978,286.5
978,286.6
978,286.7
977,286.8
978,286.9
978,287.0
979,287.1
979,287.2
978,287.3
978,287.4
977,287.5
978,287.6
978,287.7
979,287.8
978,287.9
978,288.0
978,288.1
978,288.2
978,288.3
978,288.4
979,288.5
979,288.6
978,288.7
978,288.8
978,288.9
978,289.0
979,289.1
979,289.2
978,289.3
978,289.4
978,289.5
978,289.6
978,289.7
979,289.8
979,289.9
978,290.0
978,290.1
978,290.2
978,290.3
979,290.4
978,290.5
979,290.6
978,290.7
978,290.8
978,290.9
978,291.0
978,291.1
979,291.2
979,291.3
978,291.4
978,291.5
978,291.6
978,291.7
978,291.8
979,291.9
979,292.0
978,292.1
978,292.2
978,292.3
978,292.4
979,292.5
979,292.6
979,292.7
979,292.8
978,292.9
978,293.0
978,293.1
978,293.2
979,293.3
979,293.4
978,293.5
979,293.6
978,293.7
978,293.8
979,293.9
979,294.0
978,294.1
978,294.2
978,294.3
978,294.4
978,294.5
978,294.6
979,294.7
979,294.8
978,294.9
978,295.0
977,295.1
978,295.2
979,295.3
979,295.4
979,295.5
978,295.6
978,295.7
978,295.8
979,295.9
979,296.0
979,296.1
979,296.2
979,296.3
979,296.4
978,296.5
978,296.6
979,296.7
979,296.8
978,296.9
979,297.0
979,297.1
978,297.2
979,297.3
979,297.4
979,297.5
979,297.6
979,297.7
978,297.8
978,297.9
979,298.0
979,298.1
980,298.2
979,298.3
978,298.4
978,298.5
978,298.6
978,298.7
979,298.8
980,298.9
978,299.0
978,299.1
978,299.2
978,299.3
979,299.4
979,299.5
979,299.6
979,299.7
979,299.8
978,299.9
979,300.0
979,300.1
979,300.2
979,300.3
979,300.4
979,300.5
978,300.6
979,300.7
979,300.8
979,300.9
979,301.0
980,301.0
979,301.1
979,301.1
978,301.2
978,301.2
978,301.3
978,301.3
979,301.4
978,301.4
979,301.5
977,301.5
980,301.6
977,301.6
979,301.7
977,301.7
977,301.8
977,301.9
976,302.0
977,302.1
976,302.2
977,302.3
977,302.4
977,302.5
977,302.6
977,302.7
976,302.8
976,302.9
977,303.0
977,303.1
977,303.2
977,303.3
977,303.4
977,303.5
976,303.6
977,303.7
977,303.8
978,303.9
977,304.0
978,304.1
978,304.2
977,304.3
978,304.4
978,304.5
978,304.6
978,304.7
978,304.8
978,304.9
977,305.0
978,305.1
978,305.2
979,305.3
978,305.4
978,305.5
978,305.6
978,305.7
978,305.8
979,305.9
979,306.0
978,306.1
978,306.2
978,306.3
977,306.4
978,306.5
978,306.6
978,306.7
978,306.8
977,306.9
977,307.0
976,307.1
977,307.2
977,307.3
977,307.4
976,307.5
976,307.6
976,307.7
976,307.8
976,307.9
976,308.0
976,308.1
975,308.2
975,308.3
975,308.4
975,308.5
975,308.6
975,308.7
975,308.8
974,308.9
974,309.0
974,309.1
974,309.2
974,309.3
974,309.4
974,309.5
974,309.6
973,309.7
973,309.8
973,309.9
973,310.0
974,310.1
973,310.2
973,310.3
972,310.4
972,310.5
972,310.6
972,310.7
972,310.8
972,310.9
972,311.0
972,311.1
971,311.2
972,311.3
971,311.4
972,311.5
971,311.6
971,311.7
971,311.8
970,311.9
971,312.0
971,312.1
971,312.2
971,312.3
970,312.4
970,312.5
969,312.6
970,312.7
971,312.8
971,312.9
970,313.0
970,313.1
970,313.2
970,313.3
969,313.4
970,313.5
970,313.6
969,313.7
969,313.8
969,313.9
969,314.0
969,314.1
969,314.2
969,314.3
969,314.4
968,314.5
968,314.6
968,314.7
968,314.8
968,314.9
968,315.0
968,315.1
967,315.2
967,315.3
967,315.4
967,315.5
967,315.6
967,315.7
967,315.8
966,315.9
966,316.0
966,316.1
966,316.2
966,316.3
967,316.4
966,316.5
966,316.6
965,316.7
966,316.8
966,316.9
966,317.0
966,317.1
966,317.2
965,317.3
965,317.4
965,317.5
965,317.6
966,317.7
965,317.8
965,317.9
965,318.0
964,318.1
964,318.2
965,318.3
965,318.4
964,318.5
964,318.6
964,318.7
963,318.8
963,318.9
964,319.0
963,319.1
963,319.2
963,319.3
962,319.4
962,319.5
962,319.6
962,319.7
962,319.8
962,319.9
962,320.0
961,320.1
960,320.2
960,320.3
960,320.4
961,320.5
960,320.6
960,320.7
960,320.8
959,320.9
959,321.0
960,321.1
961,321.2
959,321.3
959,321.4
959,321.5
959,321.6
959,321.7
959,321.8
959,321.9
959,322.0
959,322.1
958,322.2
959,322.3
959,322.4
959,322.5
959,322.6
958,322.7
958,322.8
958,322.9
958,323.0
958,323.1
958,323.2
958,323.3
958,323.4
958,323.5
957,323.6
957,323.7
958,323.8
958,323.9
958,324.0
957,324.1
957,324.2
956,324.3
957,324.4
957,324.5
957,324.6
957,324.7
956,324.8
957,324.9
956,325.0
956,325.1
956,325.2
957,325.3
956,325.4
956,325.5
956,325.6
955,325.7
955,325.8
956,325.9
956,326.0
955,326.1
955,326.2
955,326.3
955,326.4
955,326.5
955,326.6
956,326.7
956,326.8
955,326.9
955,327.0
955,327.1
956,327.2
955,327.3
956,327.4
955,327.5
955,327.6
955,327.7
955,327.8
955,327.9
956,328.0
956,328.1
955,328.2
955,328.3
955,328.4
955,328.5
955,328.6
955,328.7
956,328.8
955,328.9
955,329.0
954,329.1
955,329.2
955,329.3
955,329.4
955,329.5
955,329.6
955,329.7
954,329.8
954,329.9
954,330.0
955,330.1
955,330.2
954,330.3
954,330.4
954,330.5
954,330.6
954,330.7
954,330.8
954,330.9
953,331.0
953,331.1
953,331.2
953,331.3
953,331.4
953,331.5
953,331.6
953,331.7
952,331.8
952,331.9
952,332.0
953,332.1
952,332.2
952,332.3
952,332.4
952,332.5
951,332.6
952,332.7
952,332.8
952,332.9
952,333.0
951,333.1
951,333.2
951,333.3
951,333.4
951,333.5
952,333.6
951,333.7
951,333.8
950,333.9
950,334.0
950,334.1
950,334.2
951,334.3
950,334.4
950,334.5
950,334.6
949,334.7
950,334.8
950,334.9
950,335.0
949,335.1
949,335.2
948,335.3
949,335.4
949,335.5
948,335.6
948,335.7
948,335.8
948,335.9
947,336.0
947,336.1
948,336.2
948,336.3
948,336.4
948,336.5
947,336.6
946,336.7
946,336.8
946,336.9
946,337.0
946,337.1
945,337.2
945,337.3
945,337.4
944,337.5
944,337.6
944,337.7
943,337.8
943,337.9
942,338.0
941,338.1
942,338.2
942,338.3
942,338.4
941,338.5
941,338.6
940,338.7
939,338.8
940,338.9
940,339.0
939,339.1
939,339.2
938,339.3
938,339.4
937,339.5
938,339.6
937,339.7
937,339.8
937,339.9
936,340.0
936,340.1
936,340.2
935,340.3
935,340.4
935,340.5
935,340.6
934,340.7
934,340.8
934,340.9
934,341.0
934,341.1
934,341.2
933,341.3
933,341.4
933,341.5
933,341.6
934,341.7
933,341.8
934,341.9
934,342.0
934,342.1
933,342.2
933,342.3
934,342.4
934,342.5
935,342.6
934,342.7
935,342.8
934,342.9
935,343.0
935,343.1
935,343.2
935,343.3
935,343.4
935,343.5
935,343.6
936,343.7
936,343.8
936,343.9
937,344.0
936,344.1
936,344.2
936,344.3
937,344.4
936,344.5
937,344.6
937,344.7
937,344.8
937,344.9
936,345.0
937,345.1
938,345.2
938,345.3
938,345.4
938,345.5
938,345.6
937,345.7
938,345.8
938,345.9
938,346.0
938,346.1
938,346.2
938,346.3
938,346.4
939,346.5
938,346.6
939,346.7
939,346.8
939,346.9
938,347.0
938,347.1
939,347.2
939,347.3
939,347.4
939,347.5
938,347.6
939,347.7
938,347.8
938,347.9
938,348.0
939,348.1
938,348.2
938,348.3
938,348.4
937,348.5
938,348.6
938,348.7
939,348.8
937,348.9
937,349.0
937,349.1
937,349.2
937,349.3
937,349.4
937,349.5
937,349.6
937,349.7
935,349.8
936,349.9
936,350.0
936,350.1
936,350.2
936,350.3
935,350.4
935,350.5
935,350.6
936,350.7
935,350.8
936,350.9
935,351.0
935,351.1
934,351.2
935,351.3
935,351.4
935,351.5
935,351.6
935,351.7
934,351.8
934,351.9
934,352.0
935,352.1
935,352.2
935,352.3
934,352.4
935,352.5
934,352.6
934,352.7
934,352.8
935,352.9
934,353.0
934,353.1
934,353.2
934,353.3
934,353.4
934,353.5
934,353.6
934,353.7
934,353.8
933,353.9
933,354.0
934,354.1
933,354.2
934,354.3
933,354.4
933,354.5
933,354.6
933,354.7
933,354.8
934,354.9
933,355.0
933,355.1
933,355.2
933,355.3
933,355.4
933,355.5
933,355.6
934,355.7
933,355.8
933,355.9
933,356.0
932,356.1
933,356.2
933,356.3
933,356.4
932,356.5
933,356.6
932,356.7
932,356.8
933,356.9
932,357.0
933,357.1
932,357.2
932,357.3
932,357.4
932,357.5
933,357.6
933,357.7
932,357.8
932,357.9
932,358.0
931,358.1
932,358.2
932,358.3
932,358.4
932,358.5
931,358.6
931,358.7
931,358.8
932,358.9
932,359.0
932,359.1
932,359.2
931,359.3
931,359.4
930,359.5
931,359.6
931,359.7
932,359.8
931,359.9
931,360.0
931,360.1
931,360.2
931,360.3
931,360.4
932,360.5
931,360.6
931,360.7
931,360.8
931,360.9
931,361.0
931,361.1
931,361.2
931,361.3
931,361.4
931,361.5
931,361.6
931,361.7
931,361.8
932,361.9
932,362.0
932,362.1
931,362.2
930,362.3
931,362.4
931,362.5
931,362.6
931,362.7
931,362.8
930,362.9
930,363.0
931,363.1
932,363.2
931,363.3
931,363.4
930,363.5
930,363.6
930,363.7
931,363.8
931,363.9
931,364.0
930,364.1
930,364.2
930,364.3
931,364.4
931,364.5
931,364.6
931,364.7
931,364.8
931,364.9
931,365.0
931,365.1
932,365.2
932,365.3
932,365.4
932,365.5
932,365.6
931,365.7
932,365.8
932,365.9
933,366.0
932,366.1
932,366.2
933,366.3
933,366.4
933,366.5
934,366.6
935,366.7
935,366.8
935,366.9
935,367.0
935,367.1
936,367.2
937,367.3
938,367.4
938,367.5
938,367.6
939,367.7
939,367.8
940,367.9
941,368.0
942,368.1
943,368.2
942,368.3
943,368.4
943,368.5
944,368.6
945,368.7
946,368.8
945,368.9
946,369.0
946,369.1
947,369.2
948,369.3
948,369.4
949,369.5
949,369.6
949,369.7
949,369.8
950,369.9
950,370.0
951,370.1
951,370.2
951,370.3
951,370.4
951,370.5
952,370.6
952,370.7
953,370.8
953,370.9
953,371.0
953,371.1
953,371.2
953,371.3
954,371.4
954,371.5
954,371.6
955,371.7
954,371.8
954,371.9
955,372.0
956,372.1
956,372.2
956,372.3
956,372.4
956,372.5
956,372.6
957,372.7
957,372.8
958,372.9
958,373.0
957,373.1
958,373.2
958,373.3
958,373.4
959,373.5
959,373.6
959,373.7
959,373.8
960,373.9
959,374.0
960,374.1
960,374.2
961,374.3
961,374.4
960,374.5
961,374.6
961,374.7
961,374.8
962,374.9
962,375.0
962,375.1
962,375.2
962,375.3
962,375.4
963,375.5
963,375.6
964,375.7
963,375.8
963,375.9
963,376.0
963,376.1
964,376.2
964,376.3
964,376.4
964,376.5
964,376.6
964,376.7
964,376.8
965,376.9
965,377.0
965,377.1
965,377.2
965,377.3
965,377.4
965,377.5
965,377.6
966,377.7
966,377.8
966,377.9
966,378.0
966,378.1
966,378.2
966,378.3
967,378.4
967,378.5
967,378.6
966,378.7
966,378.8
967,378.9
967,379.0
967,379.1
968,379.2
968,379.3
967,379.4
967,379.5
968,379.6
968,379.7
968,379.8
968,379.9
968,380.0
968,380.1
968,380.2
968,380.3
968,380.4
969,380.5
968,380.6
968,380.7
968,380.8
968,380.9
968,381.0
969,381.1
969,381.2
969,381.3
969,381.4
969,381.5
968,381.6
969,381.7
969,381.8
970,381.9
969,382.0
969,382.1
969,382.2
969,382.3
970,382.4
969,382.5
970,382.6
969,382.7
969,382.8
969,382.9
969,383.0
970,383.1
970,383.2
970,383.3
969,383.4
970,383.5
969,383.6
970,383.7
970,383.8
970,383.9
970,384.0
970,384.1
970,384.2
970,384.3
970,384.4
970,384.5
971,384.6
970,384.7
970,384.8
970,384.9
970,385.0
970,385.1
971,385.2
971,385.3
971,385.4
970,385.5
970,385.6
970,385.7
970,385.8
971,385.9
970,386.0
970,386.1
970,386.2
970,386.3
970,386.4
970,386.5
970,386.6
971,386.7
970,386.8
970,386.9
970,387.0
969,387.1
970,387.2
970,387.3
971,387.4
970,387.5
970,387.6
970,387.7
969,387.8
969,387.9
970,388.0
970,388.1
969,388.2
969,388.3
969,388.4
969,388.5
969,388.6
969,388.7
970,388.8
969,388.9
968,389.0
968,389.1
968,389.2
968,389.3
969,389.4
969,389.5
968,389.6
968,389.7
968,389.8
968,389.9
968,390.0
968,390.1
968,390.2
968,390.3
968,390.4
967,390.5
967,390.6
968,390.7
968,390.8
968,390.9
968,391.0
968,391.1
967,391.2
967,391.3
967,391.4
967,391.5
967,391.6
967,391.7
967,391.8
966,391.9
967,392.0
967,392.1
967,392.2
967,392.3
967,392.4
967,392.5
966,392.6
967,392.7
966,392.8
967,392.9
966,393.0
966,393.1
966,393.2
966,393.3
966,393.4
966,393.5
967,393.6
966,393.7
966,393.8
965,393.9
965,394.0
965,394.1
966,394.2
965,394.3
965,394.4
965,394.5
965,394.6
964,394.7
965,394.8
965,394.9
965,395.0
965,395.1
964,395.2
964,395.3
964,395.4
964,395.5
964,395.6
965,395.7
964,395.8
963,395.9
963,396.0
963,396.1
964,396.2
964,396.3
964,396.4
963,396.5
963,396.6
963,396.7
963,396.8
963,396.9
963,397.0
963,397.1
962,397.2
963,397.3
962,397.4
963,397.5
963,397.6
963,397.7
962,397.8
963,397.9
962,398.0
962,398.1
962,398.2
962,398.3
962,398.4
962,398.5
961,398.6
962,398.7
961,398.8
962,398.9
962,399.0
962,399.1
962,399.2
961,399.3
961,399.4
961,399.5
961,399.6
961,399.7
961,399.8
961,399.9
961,400.0
961,400.1
960,400.2
961,400.3
961,400.4
961,400.5
961,400.6
961,400.7
961,400.8
960,400.9
961,401.0
